source_file,vignette_id,window_id,condition,target_ifs_goal,expected_retrieval_theme,query_preview,response_preview,top_sources,parts_language,curiosity,non_pathologizing,ifs_alignment,ifs_adherence_score,grounding_score,failure_notes,reviewer
v001__v001_w1__hierarchical.json,V001,V001_W1,hierarchical,identify a protective part and begin parts-based framing,"protectors, avoidance as protection, parts language","Client: I keep putting off my work, and then I feel even worse about myself. Coach: What do you notice inside right before you pull away from it? Client: It feels like something in me just shuts everything down. Coach: Can you say a little more about that shutting-down part?","[MOCK OUTPUT] An IFS-informed coach might approach this by assuming that the conflicting or extreme behaviors make sense from the perspective of parts that are trying to protect the person from something more vulnerable. Rather than trying to eliminate the behavior or argue with the part, the coach would stay curious about what the part fears would happen if it did not do this job, and what pain, shame, or overwhelm it may be trying to prevent. The coach would also want to help the person notice...",Internal Family Systems Therapy for Addictions :: SEC04 > 04 Intervening | Internal Family Systems Therapy for Addictions :: SEC04 > 04 Intervening | Internal Family Systems Therapy for Addictions :: SEC04 > 02 Agenda,,,,,,,,
v001__v001_w1__medium_overlap.json,V001,V001_W1,medium_overlap,identify a protective part and begin parts-based framing,"protectors, avoidance as protection, parts language","Client: I keep putting off my work, and then I feel even worse about myself. Coach: What do you notice inside right before you pull away from it? Client: It feels like something in me just shuts everything down. Coach: Can you say a little more about that shutting-down part?","[MOCK OUTPUT] An IFS-informed coach might approach this by assuming that the conflicting or extreme behaviors make sense from the perspective of parts that are trying to protect the person from something more vulnerable. Rather than trying to eliminate the behavior or argue with the part, the coach would stay curious about what the part fears would happen if it did not do this job, and what pain, shame, or overwhelm it may be trying to prevent. The coach would also want to help the person notice...",Transcending Trauma :: SEC06 > Assoc Features Trauma | Internal Family Systems Couple Therapy :: SEC02 > PT03 > Intrapsychic | Internal Family Systems Couple Therapy :: SEC03 > Relational,,,,,,,,
v001__v001_w1__small_fixed.json,V001,V001_W1,small_fixed,identify a protective part and begin parts-based framing,"protectors, avoidance as protection, parts language","Client: I keep putting off my work, and then I feel even worse about myself. Coach: What do you notice inside right before you pull away from it? Client: It feels like something in me just shuts everything down. Coach: Can you say a little more about that shutting-down part?","[MOCK OUTPUT] An IFS-informed coach might approach this by assuming that the conflicting or extreme behaviors make sense from the perspective of parts that are trying to protect the person from something more vulnerable. Rather than trying to eliminate the behavior or argue with the part, the coach would stay curious about what the part fears would happen if it did not do this job, and what pain, shame, or overwhelm it may be trying to prevent. The coach would also want to help the person notice...",Internal Family Systems Couple Therapy :: SEC03 > Relational | Transcending Trauma :: SEC06 > Assoc Features Trauma | Internal Family Systems Skills Training Manual :: SEC03 > Manual Treatment,,,,,,,,
v001__v001_w2__hierarchical.json,V001,V001_W2,hierarchical,deepen curiosity toward a protector and reduce frustration toward it,"protectors, fear of failure, curiosity toward parts, unblending","Client: It feels scared. Like if I really try and fail, that would prove I'm not good enough. Coach: So there may be a part trying to protect you from that feeling? Client: Yeah, that actually fits. It's like it would rather avoid everything than risk that. Coach: How do you feel toward that part as...","[MOCK OUTPUT] An IFS-informed coach might approach this by assuming that the conflicting or extreme behaviors make sense from the perspective of parts that are trying to protect the person from something more vulnerable. Rather than trying to eliminate the behavior or argue with the part, the coach would stay curious about what the part fears would happen if it did not do this job, and what pain, shame, or overwhelm it may be trying to prevent. The coach would also want to help the person notice...",Internal Family Systems Couple Therapy :: SEC04 > Challenges | Internal Family Systems Therapy for Addictions :: SEC04 > 04 Intervening | Internal Family Systems Therapy for Addictions :: SEC04 > 04 Intervening,,,,,,,,
v001__v001_w2__medium_overlap.json,V001,V001_W2,medium_overlap,deepen curiosity toward a protector and reduce frustration toward it,"protectors, fear of failure, curiosity toward parts, unblending","Client: It feels scared. Like if I really try and fail, that would prove I'm not good enough. Coach: So there may be a part trying to protect you from that feeling? Client: Yeah, that actually fits. It's like it would rather avoid everything than risk that. Coach: How do you feel toward that part as...","[MOCK OUTPUT] An IFS-informed coach might approach this by assuming that the conflicting or extreme behaviors make sense from the perspective of parts that are trying to protect the person from something more vulnerable. Rather than trying to eliminate the behavior or argue with the part, the coach would stay curious about what the part fears would happen if it did not do this job, and what pain, shame, or overwhelm it may be trying to prevent. The coach would also want to help the person notice...",Internal Family Systems Couple Therapy :: SEC02 > PT03 > Intrapsychic | Internal Family Systems Couple Therapy :: SEC02 > PT03 > Intrapsychic | Internal Family Systems Couple Therapy :: SEC02 > PT01 > P1 Learning,,,,,,,,
v001__v001_w2__small_fixed.json,V001,V001_W2,small_fixed,deepen curiosity toward a protector and reduce frustration toward it,"protectors, fear of failure, curiosity toward parts, unblending","Client: It feels scared. Like if I really try and fail, that would prove I'm not good enough. Coach: So there may be a part trying to protect you from that feeling? Client: Yeah, that actually fits. It's like it would rather avoid everything than risk that. Coach: How do you feel toward that part as...","[MOCK OUTPUT] An IFS-informed coach might approach this by assuming that the conflicting or extreme behaviors make sense from the perspective of parts that are trying to protect the person from something more vulnerable. Rather than trying to eliminate the behavior or argue with the part, the coach would stay curious about what the part fears would happen if it did not do this job, and what pain, shame, or overwhelm it may be trying to prevent. The coach would also want to help the person notice...",Internal Family Systems Couple Therapy :: SEC02 > PT03 > Intrapsychic | Internal Family Systems Skills Training Manual :: SEC03 > Manual Treatment | Transcending Trauma :: SEC02 > Protective Parts,,,,,,,,
v002__v002_w1__hierarchical.json,V002,V002_W1,hierarchical,identify the critical part and frame it as a part rather than the whole self,"critical manager parts, shame, internal criticism","Client: I sent an email with a mistake in it, and I've been beating myself up all day. Coach: What does that self-critical voice sound like inside? Client: It says, “You're careless. You always mess things up.” Coach: If we think in IFS terms, that may be a part speaking. How do you experience it? C...","[MOCK OUTPUT] An IFS-informed coach might approach this by assuming that the conflicting or extreme behaviors make sense from the perspective of parts that are trying to protect the person from something more vulnerable. Rather than trying to eliminate the behavior or argue with the part, the coach would stay curious about what the part fears would happen if it did not do this job, and what pain, shame, or overwhelm it may be trying to prevent. The coach would also want to help the person notice...",Internal Family Systems Couple Therapy :: SEC02 > PT03 > P3 Ending | Internal Family Systems Couple Therapy :: SEC02 > PT03 > P3 Ending | Internal Family Systems Therapy: New Dimensions :: CH04 > Couples,,,,,,,,
v002__v002_w1__medium_overlap.json,V002,V002_W1,medium_overlap,identify the critical part and frame it as a part rather than the whole self,"critical manager parts, shame, internal criticism","Client: I sent an email with a mistake in it, and I've been beating myself up all day. Coach: What does that self-critical voice sound like inside? Client: It says, “You're careless. You always mess things up.” Coach: If we think in IFS terms, that may be a part speaking. How do you experience it? C...","[MOCK OUTPUT] An IFS-informed coach might approach this by assuming that the conflicting or extreme behaviors make sense from the perspective of parts that are trying to protect the person from something more vulnerable. Rather than trying to eliminate the behavior or argue with the part, the coach would stay curious about what the part fears would happen if it did not do this job, and what pain, shame, or overwhelm it may be trying to prevent. The coach would also want to help the person notice...",Internal Family Systems Skills Training Manual :: SEC03 > Manual Treatment | Internal Family Systems Therapy for Addictions :: SEC03 > Assesment | Internal Family Systems Couple Therapy :: SEC02 > PT03 > P3 Ending,,,,,,,,
v002__v002_w1__small_fixed.json,V002,V002_W1,small_fixed,identify the critical part and frame it as a part rather than the whole self,"critical manager parts, shame, internal criticism","Client: I sent an email with a mistake in it, and I've been beating myself up all day. Coach: What does that self-critical voice sound like inside? Client: It says, “You're careless. You always mess things up.” Coach: If we think in IFS terms, that may be a part speaking. How do you experience it? C...","[MOCK OUTPUT] An IFS-informed coach might approach this by assuming that the conflicting or extreme behaviors make sense from the perspective of parts that are trying to protect the person from something more vulnerable. Rather than trying to eliminate the behavior or argue with the part, the coach would stay curious about what the part fears would happen if it did not do this job, and what pain, shame, or overwhelm it may be trying to prevent. The coach would also want to help the person notice...",Internal Family Systems Skills Training Manual :: SEC03 > Manual Treatment | Internal Family Systems Therapy for Addictions :: SEC03 > Assesment | Internal Family Systems Skills Training Manual :: SEC03 > Manual Treatment,,,,,,,,
v002__v002_w2__hierarchical.json,V002,V002_W2,hierarchical,reframe the critic as protective and explore its fears,"positive intent of protectors, curiosity toward critics","Coach: So it may believe criticizing you is helping? Client: I hate it, but yes, it does feel like it thinks it's doing something useful. Coach: What do you imagine it is afraid would happen if it stopped criticizing? Client: Maybe that I'd become lazy or embarrass myself even more. Coach: That soun...","[MOCK OUTPUT] An IFS-informed coach might approach this by assuming that the conflicting or extreme behaviors make sense from the perspective of parts that are trying to protect the person from something more vulnerable. Rather than trying to eliminate the behavior or argue with the part, the coach would stay curious about what the part fears would happen if it did not do this job, and what pain, shame, or overwhelm it may be trying to prevent. The coach would also want to help the person notice...",Internal Family Systems Therapy for Addictions :: SEC04 > 03 Addiction Polarity | Internal Family Systems Therapy for Addictions :: SEC04 > 10 Reorienting Firefighters | Internal Family Systems Therapy for Addictions :: SEC04 > 10 Reorienting Firefighters,,,,,,,,
v002__v002_w2__medium_overlap.json,V002,V002_W2,medium_overlap,reframe the critic as protective and explore its fears,"positive intent of protectors, curiosity toward critics","Coach: So it may believe criticizing you is helping? Client: I hate it, but yes, it does feel like it thinks it's doing something useful. Coach: What do you imagine it is afraid would happen if it stopped criticizing? Client: Maybe that I'd become lazy or embarrass myself even more. Coach: That soun...","[MOCK OUTPUT] An IFS-informed coach might approach this by assuming that the conflicting or extreme behaviors make sense from the perspective of parts that are trying to protect the person from something more vulnerable. Rather than trying to eliminate the behavior or argue with the part, the coach would stay curious about what the part fears would happen if it did not do this job, and what pain, shame, or overwhelm it may be trying to prevent. The coach would also want to help the person notice...",Internal Family Systems Therapy: New Dimensions :: CH02 > Shame | Internal Family Systems Therapy: New Dimensions :: CH04 > Couples | Internal Family Systems Couple Therapy :: SEC02 > PT03 > Intrapsychic,,,,,,,,
v002__v002_w2__small_fixed.json,V002,V002_W2,small_fixed,reframe the critic as protective and explore its fears,"positive intent of protectors, curiosity toward critics","Coach: So it may believe criticizing you is helping? Client: I hate it, but yes, it does feel like it thinks it's doing something useful. Coach: What do you imagine it is afraid would happen if it stopped criticizing? Client: Maybe that I'd become lazy or embarrass myself even more. Coach: That soun...","[MOCK OUTPUT] An IFS-informed coach might approach this by assuming that the conflicting or extreme behaviors make sense from the perspective of parts that are trying to protect the person from something more vulnerable. Rather than trying to eliminate the behavior or argue with the part, the coach would stay curious about what the part fears would happen if it did not do this job, and what pain, shame, or overwhelm it may be trying to prevent. The coach would also want to help the person notice...",Internal Family Systems Therapy: New Dimensions :: CH02 > Shame | Internal Family Systems Couple Therapy :: SEC02 > PT03 > Intrapsychic | Internal Family Systems Therapy for Addictions :: SEC04 > 09 Befriending Managers,,,,,,,,
v003__v003_w1__hierarchical.json,V003,V003_W1,hierarchical,identify a people-pleasing protective part,"managers, pleasing as protection, fear of rejection","Client: I say yes to things I don't want to do, and then I end up resentful. Coach: What do you notice inside when you imagine saying no instead? Client: Panic. Like I'm about to disappoint someone and then they won't want me around. Coach: That sounds like a strong reaction. Is there a part that st...","[MOCK OUTPUT] An IFS-informed coach might approach this by assuming that the conflicting or extreme behaviors make sense from the perspective of parts that are trying to protect the person from something more vulnerable. Rather than trying to eliminate the behavior or argue with the part, the coach would stay curious about what the part fears would happen if it did not do this job, and what pain, shame, or overwhelm it may be trying to prevent. The coach would also want to help the person notice...",Internal Family Systems Therapy for Addictions :: SEC04 > 04 Intervening | Internal Family Systems Therapy for Addictions :: SEC04 > 03 Addiction Polarity | Internal Family Systems Therapy for Addictions :: SEC04 > 03 Addiction Polarity,,,,,,,,
v003__v003_w1__medium_overlap.json,V003,V003_W1,medium_overlap,identify a people-pleasing protective part,"managers, pleasing as protection, fear of rejection","Client: I say yes to things I don't want to do, and then I end up resentful. Coach: What do you notice inside when you imagine saying no instead? Client: Panic. Like I'm about to disappoint someone and then they won't want me around. Coach: That sounds like a strong reaction. Is there a part that st...","[MOCK OUTPUT] An IFS-informed coach might approach this by assuming that the conflicting or extreme behaviors make sense from the perspective of parts that are trying to protect the person from something more vulnerable. Rather than trying to eliminate the behavior or argue with the part, the coach would stay curious about what the part fears would happen if it did not do this job, and what pain, shame, or overwhelm it may be trying to prevent. The coach would also want to help the person notice...",Transcending Trauma :: SEC06 > Assoc Features Trauma | Internal Family Systems Therapy: New Dimensions :: CH04 > Couples | Internal Family Systems Couple Therapy :: SEC02 > PT03 > Intrapsychic,,,,,,,,
v003__v003_w1__small_fixed.json,V003,V003_W1,small_fixed,identify a people-pleasing protective part,"managers, pleasing as protection, fear of rejection","Client: I say yes to things I don't want to do, and then I end up resentful. Coach: What do you notice inside when you imagine saying no instead? Client: Panic. Like I'm about to disappoint someone and then they won't want me around. Coach: That sounds like a strong reaction. Is there a part that st...","[MOCK OUTPUT] An IFS-informed coach might approach this by assuming that the conflicting or extreme behaviors make sense from the perspective of parts that are trying to protect the person from something more vulnerable. Rather than trying to eliminate the behavior or argue with the part, the coach would stay curious about what the part fears would happen if it did not do this job, and what pain, shame, or overwhelm it may be trying to prevent. The coach would also want to help the person notice...",Transcending Trauma :: SEC06 > Assoc Features Trauma | Internal Family Systems Therapy: New Dimensions :: CH02 > Shame | Transcending Trauma :: SEC02 > Protective Parts,,,,,,,,
v003__v003_w2__hierarchical.json,V003,V003_W2,hierarchical,deepen curiosity and connect the protector to the fear it carries,"protectors, burdened parts, curiosity toward protectors","Coach: How do you feel toward that agreeable part right now? Client: Mixed. I appreciate that it helps me avoid conflict, but I'm tired of it running everything. Coach: That makes sense. What do you think it is protecting you from? Client: Feeling rejected. Or feeling like I'm too much. Coach: That ...","[MOCK OUTPUT] An IFS-informed coach might approach this by assuming that the conflicting or extreme behaviors make sense from the perspective of parts that are trying to protect the person from something more vulnerable. Rather than trying to eliminate the behavior or argue with the part, the coach would stay curious about what the part fears would happen if it did not do this job, and what pain, shame, or overwhelm it may be trying to prevent. The coach would also want to help the person notice...",Internal Family Systems Therapy for Addictions :: SEC04 > 03 Addiction Polarity | Internal Family Systems Therapy for Addictions :: SEC04 > 04 Intervening | Internal Family Systems Therapy for Addictions :: SEC04 > 03 Addiction Polarity,,,,,,,,
v003__v003_w2__medium_overlap.json,V003,V003_W2,medium_overlap,deepen curiosity and connect the protector to the fear it carries,"protectors, burdened parts, curiosity toward protectors","Coach: How do you feel toward that agreeable part right now? Client: Mixed. I appreciate that it helps me avoid conflict, but I'm tired of it running everything. Coach: That makes sense. What do you think it is protecting you from? Client: Feeling rejected. Or feeling like I'm too much. Coach: That ...","[MOCK OUTPUT] An IFS-informed coach might approach this by assuming that the conflicting or extreme behaviors make sense from the perspective of parts that are trying to protect the person from something more vulnerable. Rather than trying to eliminate the behavior or argue with the part, the coach would stay curious about what the part fears would happen if it did not do this job, and what pain, shame, or overwhelm it may be trying to prevent. The coach would also want to help the person notice...",Internal Family Systems Couple Therapy :: SEC02 > PT01 > P1 Learning | Internal Family Systems Therapy for Addictions :: SEC03 > Assesment | Internal Family Systems Couple Therapy :: SEC02 > PT03 > P3 Ending,,,,,,,,
v003__v003_w2__small_fixed.json,V003,V003_W2,small_fixed,deepen curiosity and connect the protector to the fear it carries,"protectors, burdened parts, curiosity toward protectors","Coach: How do you feel toward that agreeable part right now? Client: Mixed. I appreciate that it helps me avoid conflict, but I'm tired of it running everything. Coach: That makes sense. What do you think it is protecting you from? Client: Feeling rejected. Or feeling like I'm too much. Coach: That ...","[MOCK OUTPUT] An IFS-informed coach might approach this by assuming that the conflicting or extreme behaviors make sense from the perspective of parts that are trying to protect the person from something more vulnerable. Rather than trying to eliminate the behavior or argue with the part, the coach would stay curious about what the part fears would happen if it did not do this job, and what pain, shame, or overwhelm it may be trying to prevent. The coach would also want to help the person notice...",Internal Family Systems Skills Training Manual :: SEC03 > Manual Treatment | Internal Family Systems Skills Training Manual :: SEC03 > Manual Treatment | Internal Family Systems Therapy: New Dimensions :: CH02 > Shame,,,,,,,,
v004__v004_w1__hierarchical.json,V004,V004_W1,hierarchical,identify shutdown/numbing as a protective part,"protective shutdown, distancing parts, emotional overwhelm","Client: After arguments, I just go numb. I can't feel much of anything. Coach: When that numbness comes in, how do you experience it inside? Client: It feels like everything goes flat. Like I disappear a little. Coach: Does it seem possible that a part is stepping in there? Client: Maybe. It almost ...","[MOCK OUTPUT] An IFS-informed coach might approach this by assuming that the conflicting or extreme behaviors make sense from the perspective of parts that are trying to protect the person from something more vulnerable. Rather than trying to eliminate the behavior or argue with the part, the coach would stay curious about what the part fears would happen if it did not do this job, and what pain, shame, or overwhelm it may be trying to prevent. The coach would also want to help the person notice...",Internal Family Systems Therapy for Addictions :: SEC04 > 04 Intervening | Internal Family Systems Therapy for Addictions :: SEC04 > 04 Intervening | Internal Family Systems Therapy for Addictions :: SEC04 > 02 Agenda,,,,,,,,
v004__v004_w1__medium_overlap.json,V004,V004_W1,medium_overlap,identify shutdown/numbing as a protective part,"protective shutdown, distancing parts, emotional overwhelm","Client: After arguments, I just go numb. I can't feel much of anything. Coach: When that numbness comes in, how do you experience it inside? Client: It feels like everything goes flat. Like I disappear a little. Coach: Does it seem possible that a part is stepping in there? Client: Maybe. It almost ...","[MOCK OUTPUT] An IFS-informed coach might approach this by assuming that the conflicting or extreme behaviors make sense from the perspective of parts that are trying to protect the person from something more vulnerable. Rather than trying to eliminate the behavior or argue with the part, the coach would stay curious about what the part fears would happen if it did not do this job, and what pain, shame, or overwhelm it may be trying to prevent. The coach would also want to help the person notice...",Internal Family Systems Therapy: New Dimensions :: CH04 > Couples | Internal Family Systems Couple Therapy :: SEC02 > PT03 > Communication | Internal Family Systems Couple Therapy :: SEC02 > PT03 > Communication,,,,,,,,
v004__v004_w1__small_fixed.json,V004,V004_W1,small_fixed,identify shutdown/numbing as a protective part,"protective shutdown, distancing parts, emotional overwhelm","Client: After arguments, I just go numb. I can't feel much of anything. Coach: When that numbness comes in, how do you experience it inside? Client: It feels like everything goes flat. Like I disappear a little. Coach: Does it seem possible that a part is stepping in there? Client: Maybe. It almost ...","[MOCK OUTPUT] An IFS-informed coach might approach this by assuming that the conflicting or extreme behaviors make sense from the perspective of parts that are trying to protect the person from something more vulnerable. Rather than trying to eliminate the behavior or argue with the part, the coach would stay curious about what the part fears would happen if it did not do this job, and what pain, shame, or overwhelm it may be trying to prevent. The coach would also want to help the person notice...",Internal Family Systems Therapy: New Dimensions :: CH04 > Couples | Internal Family Systems Therapy: New Dimensions :: CH02 > Shame | Internal Family Systems Couple Therapy :: SEC03 > Relational,,,,,,,,
v004__v004_w2__hierarchical.json,V004,V004_W2,hierarchical,reframe shutdown as protective and invite non-judgmental curiosity,"protectors, positive intent, non-pathologizing language","Coach: If that wall-building part could speak, what might it say it is trying to do? Client: Probably keep me from getting overwhelmed or hurt. Coach: That sounds like it may be working hard for you. Client: I never thought of it that way. I usually just judge myself for shutting down. Coach: It may...","[MOCK OUTPUT] An IFS-informed coach might approach this by assuming that the conflicting or extreme behaviors make sense from the perspective of parts that are trying to protect the person from something more vulnerable. Rather than trying to eliminate the behavior or argue with the part, the coach would stay curious about what the part fears would happen if it did not do this job, and what pain, shame, or overwhelm it may be trying to prevent. The coach would also want to help the person notice...",Internal Family Systems Therapy for Addictions :: SEC04 > 03 Addiction Polarity | Internal Family Systems Therapy for Addictions :: SEC04 > 03 Addiction Polarity | Internal Family Systems Therapy for Addictions :: SEC04 > 02 Agenda,,,,,,,,
v004__v004_w2__medium_overlap.json,V004,V004_W2,medium_overlap,reframe shutdown as protective and invite non-judgmental curiosity,"protectors, positive intent, non-pathologizing language","Coach: If that wall-building part could speak, what might it say it is trying to do? Client: Probably keep me from getting overwhelmed or hurt. Coach: That sounds like it may be working hard for you. Client: I never thought of it that way. I usually just judge myself for shutting down. Coach: It may...","[MOCK OUTPUT] An IFS-informed coach might approach this by assuming that the conflicting or extreme behaviors make sense from the perspective of parts that are trying to protect the person from something more vulnerable. Rather than trying to eliminate the behavior or argue with the part, the coach would stay curious about what the part fears would happen if it did not do this job, and what pain, shame, or overwhelm it may be trying to prevent. The coach would also want to help the person notice...",Internal Family Systems Couple Therapy :: SEC02 > PT01 > P1 Learning | Internal Family Systems Couple Therapy :: SEC02 > PT03 > P3 Ending | Internal Family Systems Couple Therapy :: SEC02 > PT03 > Communication,,,,,,,,
v004__v004_w2__small_fixed.json,V004,V004_W2,small_fixed,reframe shutdown as protective and invite non-judgmental curiosity,"protectors, positive intent, non-pathologizing language","Coach: If that wall-building part could speak, what might it say it is trying to do? Client: Probably keep me from getting overwhelmed or hurt. Coach: That sounds like it may be working hard for you. Client: I never thought of it that way. I usually just judge myself for shutting down. Coach: It may...","[MOCK OUTPUT] An IFS-informed coach might approach this by assuming that the conflicting or extreme behaviors make sense from the perspective of parts that are trying to protect the person from something more vulnerable. Rather than trying to eliminate the behavior or argue with the part, the coach would stay curious about what the part fears would happen if it did not do this job, and what pain, shame, or overwhelm it may be trying to prevent. The coach would also want to help the person notice...",Internal Family Systems Couple Therapy :: SEC02 > PT01 > P1 Learning | Transcending Trauma :: SEC02 > Protective Parts | Internal Family Systems Skills Training Manual :: SEC03 > Manual Treatment,,,,,,,,
v005__v005_w1__hierarchical.json,V005,V005_W1,hierarchical,differentiate multiple parts and clarify their conflict,"polarization, managers, inner conflict between parts","Client: Part of me wants to rest, but another part says I'm being lazy if I do. Coach: It sounds like there may be at least two parts there. What do you notice about each one? Client: One feels exhausted and desperate for a break. The other is sharp and demanding. Coach: How does the demanding one s...","[MOCK OUTPUT] An IFS-informed coach might approach this by assuming that the conflicting or extreme behaviors make sense from the perspective of parts that are trying to protect the person from something more vulnerable. Rather than trying to eliminate the behavior or argue with the part, the coach would stay curious about what the part fears would happen if it did not do this job, and what pain, shame, or overwhelm it may be trying to prevent. The coach would also want to help the person notice...",Internal Family Systems Therapy for Addictions :: SEC04 > 03 Addiction Polarity | Internal Family Systems Therapy for Addictions :: SEC04 > 02 Agenda | Internal Family Systems Therapy for Addictions :: SEC04 > 03 Addiction Polarity,,,,,,,,
v005__v005_w1__medium_overlap.json,V005,V005_W1,medium_overlap,differentiate multiple parts and clarify their conflict,"polarization, managers, inner conflict between parts","Client: Part of me wants to rest, but another part says I'm being lazy if I do. Coach: It sounds like there may be at least two parts there. What do you notice about each one? Client: One feels exhausted and desperate for a break. The other is sharp and demanding. Coach: How does the demanding one s...","[MOCK OUTPUT] An IFS-informed coach might approach this by assuming that the conflicting or extreme behaviors make sense from the perspective of parts that are trying to protect the person from something more vulnerable. Rather than trying to eliminate the behavior or argue with the part, the coach would stay curious about what the part fears would happen if it did not do this job, and what pain, shame, or overwhelm it may be trying to prevent. The coach would also want to help the person notice...",Internal Family Systems Couple Therapy :: SEC02 > PT01 > P1 Learning | Internal Family Systems Couple Therapy :: SEC02 > PT03 > P3 Ending | Internal Family Systems Couple Therapy :: SEC03 > Relational,,,,,,,,
v005__v005_w1__small_fixed.json,V005,V005_W1,small_fixed,differentiate multiple parts and clarify their conflict,"polarization, managers, inner conflict between parts","Client: Part of me wants to rest, but another part says I'm being lazy if I do. Coach: It sounds like there may be at least two parts there. What do you notice about each one? Client: One feels exhausted and desperate for a break. The other is sharp and demanding. Coach: How does the demanding one s...","[MOCK OUTPUT] An IFS-informed coach might approach this by assuming that the conflicting or extreme behaviors make sense from the perspective of parts that are trying to protect the person from something more vulnerable. Rather than trying to eliminate the behavior or argue with the part, the coach would stay curious about what the part fears would happen if it did not do this job, and what pain, shame, or overwhelm it may be trying to prevent. The coach would also want to help the person notice...",Internal Family Systems Couple Therapy :: SEC03 > Relational | Internal Family Systems Couple Therapy :: SEC02 > PT03 > P3 Ending | Internal Family Systems Therapy for Addictions :: SEC03 > Assesment,,,,,,,,
v005__v005_w2__hierarchical.json,V005,V005_W2,hierarchical,shift from annoyance to curiosity and explore the manager's fear,"protectors, polarization, fear underneath control","Coach: And how do you feel toward that demanding part as you notice it? Client: Annoyed, but I also get that it's scared. Coach: That sounds important. What might it be afraid would happen if it didn't push so hard? Client: Maybe that I'd lose control or become worthless. Coach: That gives us a chan...","[MOCK OUTPUT] An IFS-informed coach might approach this by assuming that the conflicting or extreme behaviors make sense from the perspective of parts that are trying to protect the person from something more vulnerable. Rather than trying to eliminate the behavior or argue with the part, the coach would stay curious about what the part fears would happen if it did not do this job, and what pain, shame, or overwhelm it may be trying to prevent. The coach would also want to help the person notice...",Internal Family Systems Couple Therapy :: SEC04 > Challenges | Internal Family Systems Therapy for Addictions :: SEC04 > 04 Intervening | Internal Family Systems Couple Therapy :: SEC04 > Challenges,,,,,,,,
v005__v005_w2__medium_overlap.json,V005,V005_W2,medium_overlap,shift from annoyance to curiosity and explore the manager's fear,"protectors, polarization, fear underneath control","Coach: And how do you feel toward that demanding part as you notice it? Client: Annoyed, but I also get that it's scared. Coach: That sounds important. What might it be afraid would happen if it didn't push so hard? Client: Maybe that I'd lose control or become worthless. Coach: That gives us a chan...","[MOCK OUTPUT] An IFS-informed coach might approach this by assuming that the conflicting or extreme behaviors make sense from the perspective of parts that are trying to protect the person from something more vulnerable. Rather than trying to eliminate the behavior or argue with the part, the coach would stay curious about what the part fears would happen if it did not do this job, and what pain, shame, or overwhelm it may be trying to prevent. The coach would also want to help the person notice...",Internal Family Systems Couple Therapy :: SEC02 > PT03 > Communication | Internal Family Systems Couple Therapy :: SEC02 > PT01 > P1 Learning | Internal Family Systems Couple Therapy :: SEC03 > Relational,,,,,,,,
v005__v005_w2__small_fixed.json,V005,V005_W2,small_fixed,shift from annoyance to curiosity and explore the manager's fear,"protectors, polarization, fear underneath control","Coach: And how do you feel toward that demanding part as you notice it? Client: Annoyed, but I also get that it's scared. Coach: That sounds important. What might it be afraid would happen if it didn't push so hard? Client: Maybe that I'd lose control or become worthless. Coach: That gives us a chan...","[MOCK OUTPUT] An IFS-informed coach might approach this by assuming that the conflicting or extreme behaviors make sense from the perspective of parts that are trying to protect the person from something more vulnerable. Rather than trying to eliminate the behavior or argue with the part, the coach would stay curious about what the part fears would happen if it did not do this job, and what pain, shame, or overwhelm it may be trying to prevent. The coach would also want to help the person notice...",Transcending Trauma :: SEC02 > Protective Parts | Internal Family Systems Couple Therapy :: SEC03 > Relational | Internal Family Systems Therapy: New Dimensions :: CH02 > Shame,,,,,,,,
v006__v006_w1__hierarchical.json,V006,V006_W1,hierarchical,identify the urge-to-drink part as a protective part,"firefighters, compulsive soothing, protective numbing",Client: By the end of the day I feel so wound up that I just want a drink immediately. Coach: What do you notice inside right before that urge shows up? Client: It feels like everything is buzzing. My mind won't stop. Coach: Does it seem like a part of you reaches for the drink to change that state?,"[MOCK OUTPUT] An IFS-informed coach might approach this by assuming that the conflicting or extreme behaviors make sense from the perspective of parts that are trying to protect the person from something more vulnerable. Rather than trying to eliminate the behavior or argue with the part, the coach would stay curious about what the part fears would happen if it did not do this job, and what pain, shame, or overwhelm it may be trying to prevent. The coach would also want to help the person notice...",Internal Family Systems Therapy for Addictions :: SEC04 > 11 Firefighters Run System | Internal Family Systems Therapy for Addictions :: SEC04 > 03 Addiction Polarity | Internal Family Systems Therapy for Addictions :: SEC04 > 03 Addiction Polarity,,,,,,,,
v006__v006_w1__medium_overlap.json,V006,V006_W1,medium_overlap,identify the urge-to-drink part as a protective part,"firefighters, compulsive soothing, protective numbing",Client: By the end of the day I feel so wound up that I just want a drink immediately. Coach: What do you notice inside right before that urge shows up? Client: It feels like everything is buzzing. My mind won't stop. Coach: Does it seem like a part of you reaches for the drink to change that state?,"[MOCK OUTPUT] An IFS-informed coach might approach this by assuming that the conflicting or extreme behaviors make sense from the perspective of parts that are trying to protect the person from something more vulnerable. Rather than trying to eliminate the behavior or argue with the part, the coach would stay curious about what the part fears would happen if it did not do this job, and what pain, shame, or overwhelm it may be trying to prevent. The coach would also want to help the person notice...",Internal Family Systems Therapy for Addictions :: SEC04 > 10 Reorienting Firefighters | Transcending Trauma :: SEC06 > Assoc Features Trauma | Internal Family Systems Couple Therapy :: SEC03 > Relational,,,,,,,,
v006__v006_w1__small_fixed.json,V006,V006_W1,small_fixed,identify the urge-to-drink part as a protective part,"firefighters, compulsive soothing, protective numbing",Client: By the end of the day I feel so wound up that I just want a drink immediately. Coach: What do you notice inside right before that urge shows up? Client: It feels like everything is buzzing. My mind won't stop. Coach: Does it seem like a part of you reaches for the drink to change that state?,"[MOCK OUTPUT] An IFS-informed coach might approach this by assuming that the conflicting or extreme behaviors make sense from the perspective of parts that are trying to protect the person from something more vulnerable. Rather than trying to eliminate the behavior or argue with the part, the coach would stay curious about what the part fears would happen if it did not do this job, and what pain, shame, or overwhelm it may be trying to prevent. The coach would also want to help the person notice...",Internal Family Systems Couple Therapy :: SEC03 > Relational | Internal Family Systems Therapy for Addictions :: SEC04 > 10 Reorienting Firefighters | Internal Family Systems Skills Training Manual :: SEC03 > Manual Treatment,,,,,,,,
v006__v006_w2__hierarchical.json,V006,V006_W2,hierarchical,explore the positive intent of the firefighter part,"protective intent, compassion toward addictive parts","Client: Yeah, it feels like a part that says, 'Just make this stop.' Coach: How do you feel toward that part when you notice it? Client: Mixed. I know it causes problems, but it also feels like the only thing helping sometimes. Coach: What do you imagine it is trying to help you avoid or escape from...","[MOCK OUTPUT] An IFS-informed coach might approach this by assuming that the conflicting or extreme behaviors make sense from the perspective of parts that are trying to protect the person from something more vulnerable. Rather than trying to eliminate the behavior or argue with the part, the coach would stay curious about what the part fears would happen if it did not do this job, and what pain, shame, or overwhelm it may be trying to prevent. The coach would also want to help the person notice...",Internal Family Systems Therapy for Addictions :: SEC04 > 03 Addiction Polarity | Internal Family Systems Therapy for Addictions :: SEC04 > 03 Addiction Polarity | Internal Family Systems Therapy for Addictions :: SEC04 > 02 Agenda,,,,,,,,
v006__v006_w2__medium_overlap.json,V006,V006_W2,medium_overlap,explore the positive intent of the firefighter part,"protective intent, compassion toward addictive parts","Client: Yeah, it feels like a part that says, 'Just make this stop.' Coach: How do you feel toward that part when you notice it? Client: Mixed. I know it causes problems, but it also feels like the only thing helping sometimes. Coach: What do you imagine it is trying to help you avoid or escape from...","[MOCK OUTPUT] An IFS-informed coach might approach this by assuming that the conflicting or extreme behaviors make sense from the perspective of parts that are trying to protect the person from something more vulnerable. Rather than trying to eliminate the behavior or argue with the part, the coach would stay curious about what the part fears would happen if it did not do this job, and what pain, shame, or overwhelm it may be trying to prevent. The coach would also want to help the person notice...",Internal Family Systems Couple Therapy :: SEC02 > PT03 > Communication | Internal Family Systems Skills Training Manual :: SEC03 > Manual Treatment | Internal Family Systems Couple Therapy :: SEC02 > PT03 > P3 Ending,,,,,,,,
v006__v006_w2__small_fixed.json,V006,V006_W2,small_fixed,explore the positive intent of the firefighter part,"protective intent, compassion toward addictive parts","Client: Yeah, it feels like a part that says, 'Just make this stop.' Coach: How do you feel toward that part when you notice it? Client: Mixed. I know it causes problems, but it also feels like the only thing helping sometimes. Coach: What do you imagine it is trying to help you avoid or escape from...","[MOCK OUTPUT] An IFS-informed coach might approach this by assuming that the conflicting or extreme behaviors make sense from the perspective of parts that are trying to protect the person from something more vulnerable. Rather than trying to eliminate the behavior or argue with the part, the coach would stay curious about what the part fears would happen if it did not do this job, and what pain, shame, or overwhelm it may be trying to prevent. The coach would also want to help the person notice...",Internal Family Systems Skills Training Manual :: SEC03 > Manual Treatment | Internal Family Systems Couple Therapy :: SEC02 > PT03 > Communication | Internal Family Systems Couple Therapy :: SEC03 > Relational,,,,,,,,
v006__v006_w3__hierarchical.json,V006,V006_W3,hierarchical,identify multiple parts and distinguish firefighter from critic,"polarization, critics, burdens beneath compulsive behavior","Client: Pressure. Loneliness. The feeling that I can't keep doing this. Coach: That sounds like an important burden underneath the urge. Client: Yeah, and then another part judges me for drinking at all. Coach: So there may be multiple parts here—one trying to numb and one criticizing afterward.","[MOCK OUTPUT] An IFS-informed coach might approach this by assuming that the conflicting or extreme behaviors make sense from the perspective of parts that are trying to protect the person from something more vulnerable. Rather than trying to eliminate the behavior or argue with the part, the coach would stay curious about what the part fears would happen if it did not do this job, and what pain, shame, or overwhelm it may be trying to prevent. The coach would also want to help the person notice...",Internal Family Systems Therapy for Addictions :: SEC04 > 10 Reorienting Firefighters | Internal Family Systems Therapy for Addictions :: SEC04 > 11 Firefighters Run System | Internal Family Systems Therapy for Addictions :: SEC04 > 10 Reorienting Firefighters,,,,,,,,
v006__v006_w3__medium_overlap.json,V006,V006_W3,medium_overlap,identify multiple parts and distinguish firefighter from critic,"polarization, critics, burdens beneath compulsive behavior","Client: Pressure. Loneliness. The feeling that I can't keep doing this. Coach: That sounds like an important burden underneath the urge. Client: Yeah, and then another part judges me for drinking at all. Coach: So there may be multiple parts here—one trying to numb and one criticizing afterward.","[MOCK OUTPUT] An IFS-informed coach might approach this by assuming that the conflicting or extreme behaviors make sense from the perspective of parts that are trying to protect the person from something more vulnerable. Rather than trying to eliminate the behavior or argue with the part, the coach would stay curious about what the part fears would happen if it did not do this job, and what pain, shame, or overwhelm it may be trying to prevent. The coach would also want to help the person notice...",Internal Family Systems Couple Therapy :: SEC02 > PT03 > Intrapsychic | Internal Family Systems Therapy for Addictions :: SEC04 > 10 Reorienting Firefighters | Internal Family Systems Therapy for Addictions :: SEC04 > 11 Firefighters Run System,,,,,,,,
v006__v006_w3__small_fixed.json,V006,V006_W3,small_fixed,identify multiple parts and distinguish firefighter from critic,"polarization, critics, burdens beneath compulsive behavior","Client: Pressure. Loneliness. The feeling that I can't keep doing this. Coach: That sounds like an important burden underneath the urge. Client: Yeah, and then another part judges me for drinking at all. Coach: So there may be multiple parts here—one trying to numb and one criticizing afterward.","[MOCK OUTPUT] An IFS-informed coach might approach this by assuming that the conflicting or extreme behaviors make sense from the perspective of parts that are trying to protect the person from something more vulnerable. Rather than trying to eliminate the behavior or argue with the part, the coach would stay curious about what the part fears would happen if it did not do this job, and what pain, shame, or overwhelm it may be trying to prevent. The coach would also want to help the person notice...",Internal Family Systems Therapy for Addictions :: SEC04 > 10 Reorienting Firefighters | Internal Family Systems Couple Therapy :: SEC02 > PT03 > Intrapsychic | Internal Family Systems Therapy: New Dimensions :: CH07 > Pharma,,,,,,,,
v007__v007_w1__hierarchical.json,V007,V007_W1,hierarchical,identify defensiveness as a protector,"relational protectors, defensive managers, couple conflict","Client: When my partner brings up a concern, I get defensive almost immediately. Coach: What happens inside in that first moment? Client: It feels like a wall comes up, and I want to argue or shut down. Coach: That sounds like a protector reacting very quickly.","[MOCK OUTPUT] An IFS-informed coach might approach this by assuming that the conflicting or extreme behaviors make sense from the perspective of parts that are trying to protect the person from something more vulnerable. Rather than trying to eliminate the behavior or argue with the part, the coach would stay curious about what the part fears would happen if it did not do this job, and what pain, shame, or overwhelm it may be trying to prevent. The coach would also want to help the person notice...",Internal Family Systems Couple Therapy :: SEC02 > PT02 > Heart Of Matter | Transcending Trauma :: SEC02 > Protective Parts | Internal Family Systems Couple Therapy :: SEC02 > PT02 > Heart Of Matter,,,,,,,,
v007__v007_w1__medium_overlap.json,V007,V007_W1,medium_overlap,identify defensiveness as a protector,"relational protectors, defensive managers, couple conflict","Client: When my partner brings up a concern, I get defensive almost immediately. Coach: What happens inside in that first moment? Client: It feels like a wall comes up, and I want to argue or shut down. Coach: That sounds like a protector reacting very quickly.","[MOCK OUTPUT] An IFS-informed coach might approach this by assuming that the conflicting or extreme behaviors make sense from the perspective of parts that are trying to protect the person from something more vulnerable. Rather than trying to eliminate the behavior or argue with the part, the coach would stay curious about what the part fears would happen if it did not do this job, and what pain, shame, or overwhelm it may be trying to prevent. The coach would also want to help the person notice...",Internal Family Systems Therapy: New Dimensions :: CH04 > Couples | Internal Family Systems Couple Therapy :: SEC03 > Relational | Internal Family Systems Couple Therapy :: SEC02 > PT02 > Heart Of Matter,,,,,,,,
v007__v007_w1__small_fixed.json,V007,V007_W1,small_fixed,identify defensiveness as a protector,"relational protectors, defensive managers, couple conflict","Client: When my partner brings up a concern, I get defensive almost immediately. Coach: What happens inside in that first moment? Client: It feels like a wall comes up, and I want to argue or shut down. Coach: That sounds like a protector reacting very quickly.","[MOCK OUTPUT] An IFS-informed coach might approach this by assuming that the conflicting or extreme behaviors make sense from the perspective of parts that are trying to protect the person from something more vulnerable. Rather than trying to eliminate the behavior or argue with the part, the coach would stay curious about what the part fears would happen if it did not do this job, and what pain, shame, or overwhelm it may be trying to prevent. The coach would also want to help the person notice...",Internal Family Systems Therapy: New Dimensions :: CH04 > Couples | Internal Family Systems Therapy: New Dimensions :: CH04 > Couples | Internal Family Systems Therapy: New Dimensions :: CH04 > Couples,,,,,,,,
v007__v007_w2__hierarchical.json,V007,V007_W2,hierarchical,connect protector to the vulnerable part it protects,"protectors guarding shame, relational vulnerability","Client: Yeah, because it feels like I'm being accused of something. Coach: What do you think that defensive part is trying to protect? Client: Maybe the part of me that feels like I'm failing or not enough. Coach: How do you feel toward the defensive part right now?","[MOCK OUTPUT] An IFS-informed coach might approach this by assuming that the conflicting or extreme behaviors make sense from the perspective of parts that are trying to protect the person from something more vulnerable. Rather than trying to eliminate the behavior or argue with the part, the coach would stay curious about what the part fears would happen if it did not do this job, and what pain, shame, or overwhelm it may be trying to prevent. The coach would also want to help the person notice...",Internal Family Systems Couple Therapy :: SEC02 > PT03 > P3 Ending | Internal Family Systems Couple Therapy :: SEC02 > PT03 > P3 Ending | Internal Family Systems Couple Therapy :: SEC04 > Challenges,,,,,,,,
v007__v007_w2__medium_overlap.json,V007,V007_W2,medium_overlap,connect protector to the vulnerable part it protects,"protectors guarding shame, relational vulnerability","Client: Yeah, because it feels like I'm being accused of something. Coach: What do you think that defensive part is trying to protect? Client: Maybe the part of me that feels like I'm failing or not enough. Coach: How do you feel toward the defensive part right now?","[MOCK OUTPUT] An IFS-informed coach might approach this by assuming that the conflicting or extreme behaviors make sense from the perspective of parts that are trying to protect the person from something more vulnerable. Rather than trying to eliminate the behavior or argue with the part, the coach would stay curious about what the part fears would happen if it did not do this job, and what pain, shame, or overwhelm it may be trying to prevent. The coach would also want to help the person notice...",Internal Family Systems Couple Therapy :: SEC02 > PT02 > Heart Of Matter | Internal Family Systems Couple Therapy :: SEC02 > PT02 > Heart Of Matter | Internal Family Systems Therapy: New Dimensions :: CH04 > Couples,,,,,,,,
v007__v007_w2__small_fixed.json,V007,V007_W2,small_fixed,connect protector to the vulnerable part it protects,"protectors guarding shame, relational vulnerability","Client: Yeah, because it feels like I'm being accused of something. Coach: What do you think that defensive part is trying to protect? Client: Maybe the part of me that feels like I'm failing or not enough. Coach: How do you feel toward the defensive part right now?","[MOCK OUTPUT] An IFS-informed coach might approach this by assuming that the conflicting or extreme behaviors make sense from the perspective of parts that are trying to protect the person from something more vulnerable. Rather than trying to eliminate the behavior or argue with the part, the coach would stay curious about what the part fears would happen if it did not do this job, and what pain, shame, or overwhelm it may be trying to prevent. The coach would also want to help the person notice...",Internal Family Systems Couple Therapy :: SEC02 > PT02 > Heart Of Matter | Internal Family Systems Couple Therapy :: SEC03 > Relational | Internal Family Systems Couple Therapy :: SEC03 > Relational,,,,,,,,
v007__v007_w3__hierarchical.json,V007,V007_W3,hierarchical,identify relational polarization between protection and longing,"couple dynamics, polarization, access to vulnerable parts","Client: A little frustrated, but also I get why it shows up. Coach: That shift matters. Curiosity can help you understand it better. Client: I also have a part that really wants connection, but it disappears in those moments. Coach: So there may be both a defensive protector and a part that longs fo...","[MOCK OUTPUT] An IFS-informed coach might approach this by assuming that the conflicting or extreme behaviors make sense from the perspective of parts that are trying to protect the person from something more vulnerable. Rather than trying to eliminate the behavior or argue with the part, the coach would stay curious about what the part fears would happen if it did not do this job, and what pain, shame, or overwhelm it may be trying to prevent. The coach would also want to help the person notice...",Internal Family Systems Therapy for Addictions :: SEC04 > 03 Addiction Polarity | Internal Family Systems Therapy for Addictions :: SEC04 > 03 Addiction Polarity | Internal Family Systems Therapy for Addictions :: SEC04 > 04 Intervening,,,,,,,,
v007__v007_w3__medium_overlap.json,V007,V007_W3,medium_overlap,identify relational polarization between protection and longing,"couple dynamics, polarization, access to vulnerable parts","Client: A little frustrated, but also I get why it shows up. Coach: That shift matters. Curiosity can help you understand it better. Client: I also have a part that really wants connection, but it disappears in those moments. Coach: So there may be both a defensive protector and a part that longs fo...","[MOCK OUTPUT] An IFS-informed coach might approach this by assuming that the conflicting or extreme behaviors make sense from the perspective of parts that are trying to protect the person from something more vulnerable. Rather than trying to eliminate the behavior or argue with the part, the coach would stay curious about what the part fears would happen if it did not do this job, and what pain, shame, or overwhelm it may be trying to prevent. The coach would also want to help the person notice...",Internal Family Systems Couple Therapy :: SEC02 > PT03 > Communication | Internal Family Systems Couple Therapy :: SEC02 > PT02 > Heart Of Matter | Internal Family Systems Therapy :: PT01 > 01 Origins,,,,,,,,
v007__v007_w3__small_fixed.json,V007,V007_W3,small_fixed,identify relational polarization between protection and longing,"couple dynamics, polarization, access to vulnerable parts","Client: A little frustrated, but also I get why it shows up. Coach: That shift matters. Curiosity can help you understand it better. Client: I also have a part that really wants connection, but it disappears in those moments. Coach: So there may be both a defensive protector and a part that longs fo...","[MOCK OUTPUT] An IFS-informed coach might approach this by assuming that the conflicting or extreme behaviors make sense from the perspective of parts that are trying to protect the person from something more vulnerable. Rather than trying to eliminate the behavior or argue with the part, the coach would stay curious about what the part fears would happen if it did not do this job, and what pain, shame, or overwhelm it may be trying to prevent. The coach would also want to help the person notice...",Internal Family Systems Therapy for Addictions :: SEC04 > 12 Exile | Transcending Trauma :: SEC06 > Assoc Features Trauma | Internal Family Systems Couple Therapy :: SEC02 > PT02 > Heart Of Matter,,,,,,,,
v008__v008_w1__hierarchical.json,V008,V008_W1,hierarchical,identify hypervigilance as a protector,"trauma-informed protectors, vigilance, safety-based activation","Client: When I'm in a crowded store, my whole body gets tense and I start scanning everyone. Coach: What feels most urgent inside in those moments? Client: It feels like I have to watch everything or something bad will happen. Coach: That sounds like a part working very hard to keep you safe.","[MOCK OUTPUT] An IFS-informed coach might approach this by assuming that the conflicting or extreme behaviors make sense from the perspective of parts that are trying to protect the person from something more vulnerable. Rather than trying to eliminate the behavior or argue with the part, the coach would stay curious about what the part fears would happen if it did not do this job, and what pain, shame, or overwhelm it may be trying to prevent. The coach would also want to help the person notice...",Internal Family Systems Therapy for Addictions :: SEC04 > 04 Intervening | Internal Family Systems Therapy for Addictions :: SEC04 > 04 Intervening | Internal Family Systems Therapy for Addictions :: SEC04 > 06 Calming,,,,,,,,
v008__v008_w1__medium_overlap.json,V008,V008_W1,medium_overlap,identify hypervigilance as a protector,"trauma-informed protectors, vigilance, safety-based activation","Client: When I'm in a crowded store, my whole body gets tense and I start scanning everyone. Coach: What feels most urgent inside in those moments? Client: It feels like I have to watch everything or something bad will happen. Coach: That sounds like a part working very hard to keep you safe.","[MOCK OUTPUT] An IFS-informed coach might approach this by assuming that the conflicting or extreme behaviors make sense from the perspective of parts that are trying to protect the person from something more vulnerable. Rather than trying to eliminate the behavior or argue with the part, the coach would stay curious about what the part fears would happen if it did not do this job, and what pain, shame, or overwhelm it may be trying to prevent. The coach would also want to help the person notice...",Transcending Trauma :: SEC06 > Assoc Features Trauma | Internal Family Systems Couple Therapy :: SEC02 > PT03 > Communication | Internal Family Systems Therapy for Addictions :: SEC04 > 13 Witnessing,,,,,,,,
v008__v008_w1__small_fixed.json,V008,V008_W1,small_fixed,identify hypervigilance as a protector,"trauma-informed protectors, vigilance, safety-based activation","Client: When I'm in a crowded store, my whole body gets tense and I start scanning everyone. Coach: What feels most urgent inside in those moments? Client: It feels like I have to watch everything or something bad will happen. Coach: That sounds like a part working very hard to keep you safe.","[MOCK OUTPUT] An IFS-informed coach might approach this by assuming that the conflicting or extreme behaviors make sense from the perspective of parts that are trying to protect the person from something more vulnerable. Rather than trying to eliminate the behavior or argue with the part, the coach would stay curious about what the part fears would happen if it did not do this job, and what pain, shame, or overwhelm it may be trying to prevent. The coach would also want to help the person notice...",Internal Family Systems Couple Therapy :: SEC03 > Relational | Internal Family Systems Therapy :: PT01 > 01 Origins | Internal Family Systems Couple Therapy :: SEC02 > PT03 > Communication,,,,,,,,
v008__v008_w2__hierarchical.json,V008,V008_W2,hierarchical,validate the positive intent of the vigilant part,"protectors in trauma, fear of danger, survival roles","Client: I hate that it happens, but yes, it does feel protective. Coach: If you stayed curious, what might that part be afraid would happen if it stopped scanning? Client: That I'd miss danger and get hurt. Coach: So it may believe its vigilance is necessary for survival.","[MOCK OUTPUT] An IFS-informed coach might approach this by assuming that the conflicting or extreme behaviors make sense from the perspective of parts that are trying to protect the person from something more vulnerable. Rather than trying to eliminate the behavior or argue with the part, the coach would stay curious about what the part fears would happen if it did not do this job, and what pain, shame, or overwhelm it may be trying to prevent. The coach would also want to help the person notice...",Internal Family Systems Couple Therapy :: SEC02 > PT03 > Communication | Internal Family Systems Couple Therapy :: SEC02 > PT03 > Communication | Internal Family Systems Therapy for Addictions :: SEC04 > 06 Calming,,,,,,,,
v008__v008_w2__medium_overlap.json,V008,V008_W2,medium_overlap,validate the positive intent of the vigilant part,"protectors in trauma, fear of danger, survival roles","Client: I hate that it happens, but yes, it does feel protective. Coach: If you stayed curious, what might that part be afraid would happen if it stopped scanning? Client: That I'd miss danger and get hurt. Coach: So it may believe its vigilance is necessary for survival.","[MOCK OUTPUT] An IFS-informed coach might approach this by assuming that the conflicting or extreme behaviors make sense from the perspective of parts that are trying to protect the person from something more vulnerable. Rather than trying to eliminate the behavior or argue with the part, the coach would stay curious about what the part fears would happen if it did not do this job, and what pain, shame, or overwhelm it may be trying to prevent. The coach would also want to help the person notice...",Transcending Trauma :: SEC02 > Protective Parts | Internal Family Systems Skills Training Manual :: SEC03 > Manual Treatment | Internal Family Systems Therapy: New Dimensions :: CH02 > Shame,,,,,,,,
v008__v008_w2__small_fixed.json,V008,V008_W2,small_fixed,validate the positive intent of the vigilant part,"protectors in trauma, fear of danger, survival roles","Client: I hate that it happens, but yes, it does feel protective. Coach: If you stayed curious, what might that part be afraid would happen if it stopped scanning? Client: That I'd miss danger and get hurt. Coach: So it may believe its vigilance is necessary for survival.","[MOCK OUTPUT] An IFS-informed coach might approach this by assuming that the conflicting or extreme behaviors make sense from the perspective of parts that are trying to protect the person from something more vulnerable. Rather than trying to eliminate the behavior or argue with the part, the coach would stay curious about what the part fears would happen if it did not do this job, and what pain, shame, or overwhelm it may be trying to prevent. The coach would also want to help the person notice...",Transcending Trauma :: SEC02 > Protective Parts | Transcending Trauma :: SEC06 > Assoc Features Trauma | Internal Family Systems Couple Therapy :: SEC03 > Relational,,,,,,,,
v008__v008_w3__hierarchical.json,V008,V008_W3,hierarchical,identify multiple protectors and the exile beneath them,"layered protectors, escape responses, exiles in trauma","Client: Yeah, and another part of me gets embarrassed and wants to get out fast. Coach: That suggests there may be more than one protector involved here. Client: One scanning, one wanting to escape, and maybe something underneath both that is terrified. Coach: That's an important map to begin notici...","[MOCK OUTPUT] An IFS-informed coach might approach this by assuming that the conflicting or extreme behaviors make sense from the perspective of parts that are trying to protect the person from something more vulnerable. Rather than trying to eliminate the behavior or argue with the part, the coach would stay curious about what the part fears would happen if it did not do this job, and what pain, shame, or overwhelm it may be trying to prevent. The coach would also want to help the person notice...",Internal Family Systems Therapy for Addictions :: SEC04 > 03 Addiction Polarity | Internal Family Systems Therapy for Addictions :: SEC04 > 06 Calming | Internal Family Systems Therapy for Addictions :: SEC04 > 03 Addiction Polarity,,,,,,,,
v008__v008_w3__medium_overlap.json,V008,V008_W3,medium_overlap,identify multiple protectors and the exile beneath them,"layered protectors, escape responses, exiles in trauma","Client: Yeah, and another part of me gets embarrassed and wants to get out fast. Coach: That suggests there may be more than one protector involved here. Client: One scanning, one wanting to escape, and maybe something underneath both that is terrified. Coach: That's an important map to begin notici...","[MOCK OUTPUT] An IFS-informed coach might approach this by assuming that the conflicting or extreme behaviors make sense from the perspective of parts that are trying to protect the person from something more vulnerable. Rather than trying to eliminate the behavior or argue with the part, the coach would stay curious about what the part fears would happen if it did not do this job, and what pain, shame, or overwhelm it may be trying to prevent. The coach would also want to help the person notice...",Internal Family Systems Skills Training Manual :: SEC03 > Manual Treatment | Internal Family Systems Skills Training Manual :: SEC03 > Manual Treatment | Internal Family Systems Couple Therapy :: SEC02 > PT03 > Communication,,,,,,,,
v008__v008_w3__small_fixed.json,V008,V008_W3,small_fixed,identify multiple protectors and the exile beneath them,"layered protectors, escape responses, exiles in trauma","Client: Yeah, and another part of me gets embarrassed and wants to get out fast. Coach: That suggests there may be more than one protector involved here. Client: One scanning, one wanting to escape, and maybe something underneath both that is terrified. Coach: That's an important map to begin notici...","[MOCK OUTPUT] An IFS-informed coach might approach this by assuming that the conflicting or extreme behaviors make sense from the perspective of parts that are trying to protect the person from something more vulnerable. Rather than trying to eliminate the behavior or argue with the part, the coach would stay curious about what the part fears would happen if it did not do this job, and what pain, shame, or overwhelm it may be trying to prevent. The coach would also want to help the person notice...",Internal Family Systems Skills Training Manual :: SEC03 > Manual Treatment | Internal Family Systems Couple Therapy :: SEC03 > Relational | Internal Family Systems Couple Therapy :: SEC02 > PT03 > Communication,,,,,,,,
v009__v009_w1__hierarchical.json,V009,V009_W1,hierarchical,identify the caregiving manager part,"over-responsible managers, guilt, caretaking parts","Client: I'm the one everyone leans on, and I don't know how to stop. Coach: What happens inside when you imagine stepping back even a little? Client: Guilt immediately. Like I'm abandoning people. Coach: That sounds like a part with a very strong sense of responsibility.","[MOCK OUTPUT] An IFS-informed coach might approach this by assuming that the conflicting or extreme behaviors make sense from the perspective of parts that are trying to protect the person from something more vulnerable. Rather than trying to eliminate the behavior or argue with the part, the coach would stay curious about what the part fears would happen if it did not do this job, and what pain, shame, or overwhelm it may be trying to prevent. The coach would also want to help the person notice...",Internal Family Systems Therapy for Addictions :: SEC04 > 09 Befriending Managers | Internal Family Systems Therapy for Addictions :: SEC04 > 03 Addiction Polarity | Internal Family Systems Therapy for Addictions :: SEC04 > 09 Befriending Managers,,,,,,,,
v009__v009_w1__medium_overlap.json,V009,V009_W1,medium_overlap,identify the caregiving manager part,"over-responsible managers, guilt, caretaking parts","Client: I'm the one everyone leans on, and I don't know how to stop. Coach: What happens inside when you imagine stepping back even a little? Client: Guilt immediately. Like I'm abandoning people. Coach: That sounds like a part with a very strong sense of responsibility.","[MOCK OUTPUT] An IFS-informed coach might approach this by assuming that the conflicting or extreme behaviors make sense from the perspective of parts that are trying to protect the person from something more vulnerable. Rather than trying to eliminate the behavior or argue with the part, the coach would stay curious about what the part fears would happen if it did not do this job, and what pain, shame, or overwhelm it may be trying to prevent. The coach would also want to help the person notice...",Internal Family Systems Therapy: New Dimensions :: CH02 > Shame | Internal Family Systems Couple Therapy :: SEC02 > PT03 > Intrapsychic | Internal Family Systems Couple Therapy :: SEC02 > PT03 > Intrapsychic,,,,,,,,
v009__v009_w1__small_fixed.json,V009,V009_W1,small_fixed,identify the caregiving manager part,"over-responsible managers, guilt, caretaking parts","Client: I'm the one everyone leans on, and I don't know how to stop. Coach: What happens inside when you imagine stepping back even a little? Client: Guilt immediately. Like I'm abandoning people. Coach: That sounds like a part with a very strong sense of responsibility.","[MOCK OUTPUT] An IFS-informed coach might approach this by assuming that the conflicting or extreme behaviors make sense from the perspective of parts that are trying to protect the person from something more vulnerable. Rather than trying to eliminate the behavior or argue with the part, the coach would stay curious about what the part fears would happen if it did not do this job, and what pain, shame, or overwhelm it may be trying to prevent. The coach would also want to help the person notice...",Internal Family Systems Couple Therapy :: SEC02 > PT03 > P3 Ending | Internal Family Systems Therapy: New Dimensions :: CH02 > Shame | Internal Family Systems Skills Training Manual :: SEC03 > Manual Treatment,,,,,,,,
v009__v009_w2__hierarchical.json,V009,V009_W2,hierarchical,explore the beliefs and burden of the caretaker part,"managers, role beliefs, compassion toward protective parts","Client: Yes, and it never really rests. Coach: What do you think that part believes about your role? Client: That if I'm not holding everything together, everything will fall apart. Coach: And how do you feel toward that part as you notice how hard it works?","[MOCK OUTPUT] An IFS-informed coach might approach this by assuming that the conflicting or extreme behaviors make sense from the perspective of parts that are trying to protect the person from something more vulnerable. Rather than trying to eliminate the behavior or argue with the part, the coach would stay curious about what the part fears would happen if it did not do this job, and what pain, shame, or overwhelm it may be trying to prevent. The coach would also want to help the person notice...",Internal Family Systems Therapy for Addictions :: SEC04 > 09 Befriending Managers | Internal Family Systems Therapy for Addictions :: SEC04 > 09 Befriending Managers | Internal Family Systems Therapy for Addictions :: SEC04 > 04 Intervening,,,,,,,,
v009__v009_w2__medium_overlap.json,V009,V009_W2,medium_overlap,explore the beliefs and burden of the caretaker part,"managers, role beliefs, compassion toward protective parts","Client: Yes, and it never really rests. Coach: What do you think that part believes about your role? Client: That if I'm not holding everything together, everything will fall apart. Coach: And how do you feel toward that part as you notice how hard it works?","[MOCK OUTPUT] An IFS-informed coach might approach this by assuming that the conflicting or extreme behaviors make sense from the perspective of parts that are trying to protect the person from something more vulnerable. Rather than trying to eliminate the behavior or argue with the part, the coach would stay curious about what the part fears would happen if it did not do this job, and what pain, shame, or overwhelm it may be trying to prevent. The coach would also want to help the person notice...",Internal Family Systems Couple Therapy :: SEC02 > PT01 > P1 Learning | Internal Family Systems Couple Therapy :: SEC02 > PT03 > P3 Ending | Internal Family Systems Couple Therapy :: SEC02 > PT03 > P3 Ending,,,,,,,,
v009__v009_w2__small_fixed.json,V009,V009_W2,small_fixed,explore the beliefs and burden of the caretaker part,"managers, role beliefs, compassion toward protective parts","Client: Yes, and it never really rests. Coach: What do you think that part believes about your role? Client: That if I'm not holding everything together, everything will fall apart. Coach: And how do you feel toward that part as you notice how hard it works?","[MOCK OUTPUT] An IFS-informed coach might approach this by assuming that the conflicting or extreme behaviors make sense from the perspective of parts that are trying to protect the person from something more vulnerable. Rather than trying to eliminate the behavior or argue with the part, the coach would stay curious about what the part fears would happen if it did not do this job, and what pain, shame, or overwhelm it may be trying to prevent. The coach would also want to help the person notice...",Internal Family Systems Therapy for Addictions :: SEC04 > 09 Befriending Managers | Transcending Trauma :: SEC06 > Assoc Features Trauma | Internal Family Systems Skills Training Manual :: SEC03 > Manual Treatment,,,,,,,,
v009__v009_w3__hierarchical.json,V009,V009_W3,hierarchical,identify tension between caretaker and needy/vulnerable part,"polarization, unmet needs, compassionate witnessing","Client: Sad, actually. It seems exhausted. Coach: That sadness may help you stay connected to it with compassion. Client: There's definitely another part that wants someone to take care of me for once. Coach: That sounds like an important part too—one that may not get much room.","[MOCK OUTPUT] An IFS-informed coach might approach this by assuming that the conflicting or extreme behaviors make sense from the perspective of parts that are trying to protect the person from something more vulnerable. Rather than trying to eliminate the behavior or argue with the part, the coach would stay curious about what the part fears would happen if it did not do this job, and what pain, shame, or overwhelm it may be trying to prevent. The coach would also want to help the person notice...",Internal Family Systems Therapy for Addictions :: SEC04 > 03 Addiction Polarity | Internal Family Systems Therapy for Addictions :: SEC04 > 04 Intervening | Internal Family Systems Therapy for Addictions :: SEC04 > 03 Addiction Polarity,,,,,,,,
v009__v009_w3__medium_overlap.json,V009,V009_W3,medium_overlap,identify tension between caretaker and needy/vulnerable part,"polarization, unmet needs, compassionate witnessing","Client: Sad, actually. It seems exhausted. Coach: That sadness may help you stay connected to it with compassion. Client: There's definitely another part that wants someone to take care of me for once. Coach: That sounds like an important part too—one that may not get much room.","[MOCK OUTPUT] An IFS-informed coach might approach this by assuming that the conflicting or extreme behaviors make sense from the perspective of parts that are trying to protect the person from something more vulnerable. Rather than trying to eliminate the behavior or argue with the part, the coach would stay curious about what the part fears would happen if it did not do this job, and what pain, shame, or overwhelm it may be trying to prevent. The coach would also want to help the person notice...",Transcending Trauma :: SEC03 > Neuroscience | Internal Family Systems Couple Therapy :: SEC02 > PT03 > Intrapsychic | Internal Family Systems Couple Therapy :: SEC02 > PT03 > P3 Ending,,,,,,,,
v009__v009_w3__small_fixed.json,V009,V009_W3,small_fixed,identify tension between caretaker and needy/vulnerable part,"polarization, unmet needs, compassionate witnessing","Client: Sad, actually. It seems exhausted. Coach: That sadness may help you stay connected to it with compassion. Client: There's definitely another part that wants someone to take care of me for once. Coach: That sounds like an important part too—one that may not get much room.","[MOCK OUTPUT] An IFS-informed coach might approach this by assuming that the conflicting or extreme behaviors make sense from the perspective of parts that are trying to protect the person from something more vulnerable. Rather than trying to eliminate the behavior or argue with the part, the coach would stay curious about what the part fears would happen if it did not do this job, and what pain, shame, or overwhelm it may be trying to prevent. The coach would also want to help the person notice...",Internal Family Systems Therapy for Addictions :: SEC04 > 12 Exile | Internal Family Systems Skills Training Manual :: SEC01 > Manual Intro | Internal Family Systems Skills Training Manual :: SEC03 > Manual Treatment,,,,,,,,
v010__v010_w1__hierarchical.json,V010,V010_W1,hierarchical,"identify reactive anger as a part, not the whole self","firefighters, reactive protectors, overwhelm",Client: I snapped at my sister yesterday and immediately felt horrible afterward. Coach: What was happening inside right before you snapped? Client: I felt cornered. Like everything in me got hot at once. Coach: It sounds like a reactive part may have taken over quickly.,"[MOCK OUTPUT] An IFS-informed coach might approach this by assuming that the conflicting or extreme behaviors make sense from the perspective of parts that are trying to protect the person from something more vulnerable. Rather than trying to eliminate the behavior or argue with the part, the coach would stay curious about what the part fears would happen if it did not do this job, and what pain, shame, or overwhelm it may be trying to prevent. The coach would also want to help the person notice...",Internal Family Systems Therapy for Addictions :: SEC04 > 04 Intervening | Internal Family Systems Therapy for Addictions :: SEC04 > 10 Reorienting Firefighters | Internal Family Systems Therapy for Addictions :: SEC04 > 10 Reorienting Firefighters,,,,,,,,
v010__v010_w1__medium_overlap.json,V010,V010_W1,medium_overlap,"identify reactive anger as a part, not the whole self","firefighters, reactive protectors, overwhelm",Client: I snapped at my sister yesterday and immediately felt horrible afterward. Coach: What was happening inside right before you snapped? Client: I felt cornered. Like everything in me got hot at once. Coach: It sounds like a reactive part may have taken over quickly.,"[MOCK OUTPUT] An IFS-informed coach might approach this by assuming that the conflicting or extreme behaviors make sense from the perspective of parts that are trying to protect the person from something more vulnerable. Rather than trying to eliminate the behavior or argue with the part, the coach would stay curious about what the part fears would happen if it did not do this job, and what pain, shame, or overwhelm it may be trying to prevent. The coach would also want to help the person notice...",Internal Family Systems Couple Therapy :: SEC03 > Relational | Internal Family Systems Couple Therapy :: SEC03 > Relational | Internal Family Systems Therapy: New Dimensions :: CH04 > Couples,,,,,,,,
v010__v010_w1__small_fixed.json,V010,V010_W1,small_fixed,"identify reactive anger as a part, not the whole self","firefighters, reactive protectors, overwhelm",Client: I snapped at my sister yesterday and immediately felt horrible afterward. Coach: What was happening inside right before you snapped? Client: I felt cornered. Like everything in me got hot at once. Coach: It sounds like a reactive part may have taken over quickly.,"[MOCK OUTPUT] An IFS-informed coach might approach this by assuming that the conflicting or extreme behaviors make sense from the perspective of parts that are trying to protect the person from something more vulnerable. Rather than trying to eliminate the behavior or argue with the part, the coach would stay curious about what the part fears would happen if it did not do this job, and what pain, shame, or overwhelm it may be trying to prevent. The coach would also want to help the person notice...",Internal Family Systems Couple Therapy :: SEC03 > Relational | Internal Family Systems Therapy :: PT01 > 01 Origins | Internal Family Systems Therapy: New Dimensions :: CH04 > Couples,,,,,,,,
v010__v010_w2__hierarchical.json,V010,V010_W2,hierarchical,map multiple parts and identify positive intent of anger,"firefighters, critics, protectors after activation","Client: Yes, and then right after that another part attacked me for losing control. Coach: So there may be one part that explodes and another that criticizes afterward. Client: That sounds right. The anger feels fast and protective, and the critic is merciless. Coach: What do you think the angry par...","[MOCK OUTPUT] An IFS-informed coach might approach this by assuming that the conflicting or extreme behaviors make sense from the perspective of parts that are trying to protect the person from something more vulnerable. Rather than trying to eliminate the behavior or argue with the part, the coach would stay curious about what the part fears would happen if it did not do this job, and what pain, shame, or overwhelm it may be trying to prevent. The coach would also want to help the person notice...",Internal Family Systems Therapy for Addictions :: SEC04 > 01 Therapist Role | Internal Family Systems Therapy for Addictions :: SEC04 > 10 Reorienting Firefighters | Internal Family Systems Therapy for Addictions :: SEC04 > 04 Intervening,,,,,,,,
v010__v010_w2__medium_overlap.json,V010,V010_W2,medium_overlap,map multiple parts and identify positive intent of anger,"firefighters, critics, protectors after activation","Client: Yes, and then right after that another part attacked me for losing control. Coach: So there may be one part that explodes and another that criticizes afterward. Client: That sounds right. The anger feels fast and protective, and the critic is merciless. Coach: What do you think the angry par...","[MOCK OUTPUT] An IFS-informed coach might approach this by assuming that the conflicting or extreme behaviors make sense from the perspective of parts that are trying to protect the person from something more vulnerable. Rather than trying to eliminate the behavior or argue with the part, the coach would stay curious about what the part fears would happen if it did not do this job, and what pain, shame, or overwhelm it may be trying to prevent. The coach would also want to help the person notice...",Internal Family Systems Therapy: New Dimensions :: CH04 > Couples | Internal Family Systems Couple Therapy :: SEC03 > Relational | Internal Family Systems Skills Training Manual :: SEC03 > Manual Treatment,,,,,,,,
v010__v010_w2__small_fixed.json,V010,V010_W2,small_fixed,map multiple parts and identify positive intent of anger,"firefighters, critics, protectors after activation","Client: Yes, and then right after that another part attacked me for losing control. Coach: So there may be one part that explodes and another that criticizes afterward. Client: That sounds right. The anger feels fast and protective, and the critic is merciless. Coach: What do you think the angry par...","[MOCK OUTPUT] An IFS-informed coach might approach this by assuming that the conflicting or extreme behaviors make sense from the perspective of parts that are trying to protect the person from something more vulnerable. Rather than trying to eliminate the behavior or argue with the part, the coach would stay curious about what the part fears would happen if it did not do this job, and what pain, shame, or overwhelm it may be trying to prevent. The coach would also want to help the person notice...",Internal Family Systems Couple Therapy :: SEC03 > Relational | Internal Family Systems Skills Training Manual :: SEC03 > Manual Treatment | Internal Family Systems Therapy: New Dimensions :: CH02 > Shame,,,,,,,,
v010__v010_w3__hierarchical.json,V010,V010_W3,hierarchical,connect angry protector to vulnerable part and support unblending,"exiles beneath anger, Self vs parts, compassionate reframing",Client: Maybe the part of me that felt overwhelmed and unheard. Coach: That gives us a different way to understand the anger. Client: I usually just think it means I'm a bad person. Coach: It may help to separate your Self from the parts involved.,"[MOCK OUTPUT] An IFS-informed coach might approach this by assuming that the conflicting or extreme behaviors make sense from the perspective of parts that are trying to protect the person from something more vulnerable. Rather than trying to eliminate the behavior or argue with the part, the coach would stay curious about what the part fears would happen if it did not do this job, and what pain, shame, or overwhelm it may be trying to prevent. The coach would also want to help the person notice...",Internal Family Systems Therapy for Addictions :: SEC04 > 09 Befriending Managers | Internal Family Systems Therapy for Addictions :: SEC04 > 09 Befriending Managers | Internal Family Systems Therapy for Addictions :: SEC04 > 02 Agenda,,,,,,,,
v010__v010_w3__medium_overlap.json,V010,V010_W3,medium_overlap,connect angry protector to vulnerable part and support unblending,"exiles beneath anger, Self vs parts, compassionate reframing",Client: Maybe the part of me that felt overwhelmed and unheard. Coach: That gives us a different way to understand the anger. Client: I usually just think it means I'm a bad person. Coach: It may help to separate your Self from the parts involved.,"[MOCK OUTPUT] An IFS-informed coach might approach this by assuming that the conflicting or extreme behaviors make sense from the perspective of parts that are trying to protect the person from something more vulnerable. Rather than trying to eliminate the behavior or argue with the part, the coach would stay curious about what the part fears would happen if it did not do this job, and what pain, shame, or overwhelm it may be trying to prevent. The coach would also want to help the person notice...",Internal Family Systems Couple Therapy :: SEC02 > PT03 > Communication | Transcending Trauma :: SEC03 > Neuroscience | Internal Family Systems Couple Therapy :: SEC02 > PT03 > Intrapsychic,,,,,,,,
v010__v010_w3__small_fixed.json,V010,V010_W3,small_fixed,connect angry protector to vulnerable part and support unblending,"exiles beneath anger, Self vs parts, compassionate reframing",Client: Maybe the part of me that felt overwhelmed and unheard. Coach: That gives us a different way to understand the anger. Client: I usually just think it means I'm a bad person. Coach: It may help to separate your Self from the parts involved.,"[MOCK OUTPUT] An IFS-informed coach might approach this by assuming that the conflicting or extreme behaviors make sense from the perspective of parts that are trying to protect the person from something more vulnerable. Rather than trying to eliminate the behavior or argue with the part, the coach would stay curious about what the part fears would happen if it did not do this job, and what pain, shame, or overwhelm it may be trying to prevent. The coach would also want to help the person notice...",Internal Family Systems Couple Therapy :: SEC03 > Relational | Internal Family Systems Therapy :: PT01 > 01 Origins | Transcending Trauma :: SEC02 > Protective Parts,,,,,,,,
v011__v011_w1__hierarchical.json,V011,V011_W1,hierarchical,identify polarized parts,"polarization, conflicting managers, internal conflict","Client: Part of me wants to leave my job, and another part thinks that would be irresponsible. Coach: What do you notice about each side of that conflict? Client: One feels energized and hopeful, and the other feels tense and warning me not to be reckless. Coach: It sounds like those parts have very...","[MOCK OUTPUT] An IFS-informed coach might approach this by assuming that the conflicting or extreme behaviors make sense from the perspective of parts that are trying to protect the person from something more vulnerable. Rather than trying to eliminate the behavior or argue with the part, the coach would stay curious about what the part fears would happen if it did not do this job, and what pain, shame, or overwhelm it may be trying to prevent. The coach would also want to help the person notice...",Internal Family Systems Therapy for Addictions :: SEC04 > 03 Addiction Polarity | Internal Family Systems Therapy for Addictions :: SEC04 > 05 Deescalating | Internal Family Systems Therapy for Addictions :: SEC04 > 03 Addiction Polarity,,,,,,,,
v011__v011_w1__medium_overlap.json,V011,V011_W1,medium_overlap,identify polarized parts,"polarization, conflicting managers, internal conflict","Client: Part of me wants to leave my job, and another part thinks that would be irresponsible. Coach: What do you notice about each side of that conflict? Client: One feels energized and hopeful, and the other feels tense and warning me not to be reckless. Coach: It sounds like those parts have very...","[MOCK OUTPUT] An IFS-informed coach might approach this by assuming that the conflicting or extreme behaviors make sense from the perspective of parts that are trying to protect the person from something more vulnerable. Rather than trying to eliminate the behavior or argue with the part, the coach would stay curious about what the part fears would happen if it did not do this job, and what pain, shame, or overwhelm it may be trying to prevent. The coach would also want to help the person notice...",Internal Family Systems Therapy for Addictions :: SEC04 > 03 Addiction Polarity | Internal Family Systems Therapy for Addictions :: SEC03 > Assesment | Internal Family Systems Couple Therapy :: SEC02 > PT01 > P1 Learning,,,,,,,,
v011__v011_w1__small_fixed.json,V011,V011_W1,small_fixed,identify polarized parts,"polarization, conflicting managers, internal conflict","Client: Part of me wants to leave my job, and another part thinks that would be irresponsible. Coach: What do you notice about each side of that conflict? Client: One feels energized and hopeful, and the other feels tense and warning me not to be reckless. Coach: It sounds like those parts have very...","[MOCK OUTPUT] An IFS-informed coach might approach this by assuming that the conflicting or extreme behaviors make sense from the perspective of parts that are trying to protect the person from something more vulnerable. Rather than trying to eliminate the behavior or argue with the part, the coach would stay curious about what the part fears would happen if it did not do this job, and what pain, shame, or overwhelm it may be trying to prevent. The coach would also want to help the person notice...",Transcending Trauma :: SEC06 > Assoc Features Trauma | Internal Family Systems Couple Therapy :: SEC03 > Relational | Internal Family Systems Therapy for Addictions :: SEC04 > 03 Addiction Polarity,,,,,,,,
v011__v011_w2__hierarchical.json,V011,V011_W2,hierarchical,clarify the fears and hopes of polarized parts,"polarization, protector fears, burdens beneath conflict","Client: Yes, and they keep fighting inside me. Coach: If you focus on the cautious one, what does it seem most afraid of? Client: Making a terrible mistake and losing stability. Coach: And if you focus on the hopeful one, what is it longing for?","[MOCK OUTPUT] An IFS-informed coach might approach this by assuming that the conflicting or extreme behaviors make sense from the perspective of parts that are trying to protect the person from something more vulnerable. Rather than trying to eliminate the behavior or argue with the part, the coach would stay curious about what the part fears would happen if it did not do this job, and what pain, shame, or overwhelm it may be trying to prevent. The coach would also want to help the person notice...",Internal Family Systems Therapy for Addictions :: SEC04 > 09 Befriending Managers | Internal Family Systems Therapy for Addictions :: SEC04 > 09 Befriending Managers | Internal Family Systems Therapy for Addictions :: SEC04 > 03 Addiction Polarity,,,,,,,,
v011__v011_w2__medium_overlap.json,V011,V011_W2,medium_overlap,clarify the fears and hopes of polarized parts,"polarization, protector fears, burdens beneath conflict","Client: Yes, and they keep fighting inside me. Coach: If you focus on the cautious one, what does it seem most afraid of? Client: Making a terrible mistake and losing stability. Coach: And if you focus on the hopeful one, what is it longing for?","[MOCK OUTPUT] An IFS-informed coach might approach this by assuming that the conflicting or extreme behaviors make sense from the perspective of parts that are trying to protect the person from something more vulnerable. Rather than trying to eliminate the behavior or argue with the part, the coach would stay curious about what the part fears would happen if it did not do this job, and what pain, shame, or overwhelm it may be trying to prevent. The coach would also want to help the person notice...",Internal Family Systems Couple Therapy :: SEC02 > PT03 > Intrapsychic | Internal Family Systems Couple Therapy :: SEC02 > PT03 > P3 Ending | Internal Family Systems Couple Therapy :: SEC02 > PT03 > Communication,,,,,,,,
v011__v011_w2__small_fixed.json,V011,V011_W2,small_fixed,clarify the fears and hopes of polarized parts,"polarization, protector fears, burdens beneath conflict","Client: Yes, and they keep fighting inside me. Coach: If you focus on the cautious one, what does it seem most afraid of? Client: Making a terrible mistake and losing stability. Coach: And if you focus on the hopeful one, what is it longing for?","[MOCK OUTPUT] An IFS-informed coach might approach this by assuming that the conflicting or extreme behaviors make sense from the perspective of parts that are trying to protect the person from something more vulnerable. Rather than trying to eliminate the behavior or argue with the part, the coach would stay curious about what the part fears would happen if it did not do this job, and what pain, shame, or overwhelm it may be trying to prevent. The coach would also want to help the person notice...",Transcending Trauma :: SEC06 > Assoc Features Trauma | Internal Family Systems Couple Therapy :: SEC02 > PT03 > P3 Ending | Internal Family Systems Couple Therapy :: SEC02 > PT03 > Communication,,,,,,,,
v011__v011_w3__hierarchical.json,V011,V011_W3,hierarchical,reinforce non-forcing stance and understanding of both parts,"polarization, Self-led curiosity, non-pathologizing internal conflict","Client: Freedom. Meaning. Feeling alive again. Coach: That gives us a clearer picture of the polarization. Client: I usually feel pressured to choose one and get rid of the other. Coach: In IFS, we would want to understand both before forcing an outcome.","[MOCK OUTPUT] An IFS-informed coach might approach this by assuming that the conflicting or extreme behaviors make sense from the perspective of parts that are trying to protect the person from something more vulnerable. Rather than trying to eliminate the behavior or argue with the part, the coach would stay curious about what the part fears would happen if it did not do this job, and what pain, shame, or overwhelm it may be trying to prevent. The coach would also want to help the person notice...",Internal Family Systems Therapy: New Dimensions :: CH01 > Therapist Client Relationship And Power Of Self | Internal Family Systems Therapy: New Dimensions :: CH01 > Therapist Client Relationship And Power Of Self | Internal Family Systems Therapy for Addictions :: SEC04 > 04 Intervening,,,,,,,,
v011__v011_w3__medium_overlap.json,V011,V011_W3,medium_overlap,reinforce non-forcing stance and understanding of both parts,"polarization, Self-led curiosity, non-pathologizing internal conflict","Client: Freedom. Meaning. Feeling alive again. Coach: That gives us a clearer picture of the polarization. Client: I usually feel pressured to choose one and get rid of the other. Coach: In IFS, we would want to understand both before forcing an outcome.","[MOCK OUTPUT] An IFS-informed coach might approach this by assuming that the conflicting or extreme behaviors make sense from the perspective of parts that are trying to protect the person from something more vulnerable. Rather than trying to eliminate the behavior or argue with the part, the coach would stay curious about what the part fears would happen if it did not do this job, and what pain, shame, or overwhelm it may be trying to prevent. The coach would also want to help the person notice...",Internal Family Systems Therapy: New Dimensions :: CH01 > Therapist Client Relationship And Power Of Self | Internal Family Systems Therapy :: PT01 > 01 Origins | Internal Family Systems Therapy for Addictions :: SEC01 > Overview,,,,,,,,
v011__v011_w3__small_fixed.json,V011,V011_W3,small_fixed,reinforce non-forcing stance and understanding of both parts,"polarization, Self-led curiosity, non-pathologizing internal conflict","Client: Freedom. Meaning. Feeling alive again. Coach: That gives us a clearer picture of the polarization. Client: I usually feel pressured to choose one and get rid of the other. Coach: In IFS, we would want to understand both before forcing an outcome.","[MOCK OUTPUT] An IFS-informed coach might approach this by assuming that the conflicting or extreme behaviors make sense from the perspective of parts that are trying to protect the person from something more vulnerable. Rather than trying to eliminate the behavior or argue with the part, the coach would stay curious about what the part fears would happen if it did not do this job, and what pain, shame, or overwhelm it may be trying to prevent. The coach would also want to help the person notice...",Internal Family Systems Therapy: New Dimensions :: CH01 > Therapist Client Relationship And Power Of Self | Internal Family Systems Therapy: New Dimensions :: CH01 > Therapist Client Relationship And Power Of Self | Internal Family Systems Therapy :: PT01 > 01 Origins,,,,,,,,
v012__v012_w1__hierarchical.json,V012,V012_W1,hierarchical,connect somatic constriction to a protector,"somatic parts, body-based protectors, constriction as protection","Client: When conversations get emotional, my chest tightens and my throat closes up. Coach: As you notice that tightening now, does it feel like it might be carrying some protective energy? Client: Yes, it feels like something is bracing hard. Coach: What do you sense that bracing part might be tryi...","[MOCK OUTPUT] An IFS-informed coach might approach this by assuming that the conflicting or extreme behaviors make sense from the perspective of parts that are trying to protect the person from something more vulnerable. Rather than trying to eliminate the behavior or argue with the part, the coach would stay curious about what the part fears would happen if it did not do this job, and what pain, shame, or overwhelm it may be trying to prevent. The coach would also want to help the person notice...",Internal Family Systems Couple Therapy :: SEC04 > Challenges | Internal Family Systems Therapy for Addictions :: SEC04 > 02 Agenda | Internal Family Systems Couple Therapy :: SEC04 > Challenges,,,,,,,,
v012__v012_w1__medium_overlap.json,V012,V012_W1,medium_overlap,connect somatic constriction to a protector,"somatic parts, body-based protectors, constriction as protection","Client: When conversations get emotional, my chest tightens and my throat closes up. Coach: As you notice that tightening now, does it feel like it might be carrying some protective energy? Client: Yes, it feels like something is bracing hard. Coach: What do you sense that bracing part might be tryi...","[MOCK OUTPUT] An IFS-informed coach might approach this by assuming that the conflicting or extreme behaviors make sense from the perspective of parts that are trying to protect the person from something more vulnerable. Rather than trying to eliminate the behavior or argue with the part, the coach would stay curious about what the part fears would happen if it did not do this job, and what pain, shame, or overwhelm it may be trying to prevent. The coach would also want to help the person notice...",Internal Family Systems Couple Therapy :: SEC02 > PT01 > P1 Learning | Internal Family Systems Skills Training Manual :: SEC03 > Manual Treatment | Internal Family Systems Skills Training Manual :: SEC02 > Manual Assesment,,,,,,,,
v012__v012_w1__small_fixed.json,V012,V012_W1,small_fixed,connect somatic constriction to a protector,"somatic parts, body-based protectors, constriction as protection","Client: When conversations get emotional, my chest tightens and my throat closes up. Coach: As you notice that tightening now, does it feel like it might be carrying some protective energy? Client: Yes, it feels like something is bracing hard. Coach: What do you sense that bracing part might be tryi...","[MOCK OUTPUT] An IFS-informed coach might approach this by assuming that the conflicting or extreme behaviors make sense from the perspective of parts that are trying to protect the person from something more vulnerable. Rather than trying to eliminate the behavior or argue with the part, the coach would stay curious about what the part fears would happen if it did not do this job, and what pain, shame, or overwhelm it may be trying to prevent. The coach would also want to help the person notice...",Internal Family Systems Couple Therapy :: SEC02 > PT01 > P1 Learning | Internal Family Systems Couple Therapy :: SEC02 > PT03 > Communication | Internal Family Systems Skills Training Manual :: SEC03 > Manual Treatment,,,,,,,,
v012__v012_w2__hierarchical.json,V012,V012_W2,hierarchical,validate protective somatic response and invite curiosity,"somatic protection, fear of exposure, compassion toward protectors",Client: Crying. Falling apart. Letting too much show. Coach: So the tightness may be protecting you from feeling too exposed. Client: That actually makes sense. I usually just fight it. Coach: It may help to get curious about it first rather than trying to force it away.,"[MOCK OUTPUT] An IFS-informed coach might approach this by assuming that the conflicting or extreme behaviors make sense from the perspective of parts that are trying to protect the person from something more vulnerable. Rather than trying to eliminate the behavior or argue with the part, the coach would stay curious about what the part fears would happen if it did not do this job, and what pain, shame, or overwhelm it may be trying to prevent. The coach would also want to help the person notice...",Transcending Trauma :: SEC02 > Protective Parts | Transcending Trauma :: SEC02 > Protective Parts | Transcending Trauma :: SEC05 > Reactions Relational Trauma,,,,,,,,
v012__v012_w2__medium_overlap.json,V012,V012_W2,medium_overlap,validate protective somatic response and invite curiosity,"somatic protection, fear of exposure, compassion toward protectors",Client: Crying. Falling apart. Letting too much show. Coach: So the tightness may be protecting you from feeling too exposed. Client: That actually makes sense. I usually just fight it. Coach: It may help to get curious about it first rather than trying to force it away.,"[MOCK OUTPUT] An IFS-informed coach might approach this by assuming that the conflicting or extreme behaviors make sense from the perspective of parts that are trying to protect the person from something more vulnerable. Rather than trying to eliminate the behavior or argue with the part, the coach would stay curious about what the part fears would happen if it did not do this job, and what pain, shame, or overwhelm it may be trying to prevent. The coach would also want to help the person notice...",Internal Family Systems Couple Therapy :: SEC02 > PT03 > Intrapsychic | Transcending Trauma :: SEC06 > Assoc Features Trauma | Transcending Trauma :: SEC06 > Assoc Features Trauma,,,,,,,,
v012__v012_w2__small_fixed.json,V012,V012_W2,small_fixed,validate protective somatic response and invite curiosity,"somatic protection, fear of exposure, compassion toward protectors",Client: Crying. Falling apart. Letting too much show. Coach: So the tightness may be protecting you from feeling too exposed. Client: That actually makes sense. I usually just fight it. Coach: It may help to get curious about it first rather than trying to force it away.,"[MOCK OUTPUT] An IFS-informed coach might approach this by assuming that the conflicting or extreme behaviors make sense from the perspective of parts that are trying to protect the person from something more vulnerable. Rather than trying to eliminate the behavior or argue with the part, the coach would stay curious about what the part fears would happen if it did not do this job, and what pain, shame, or overwhelm it may be trying to prevent. The coach would also want to help the person notice...",Internal Family Systems Skills Training Manual :: SEC01 > Manual Intro | Transcending Trauma :: SEC02 > Protective Parts | Transcending Trauma :: SEC02 > Protective Parts,,,,,,,,
